repository	branch	head_sha	archive	sha256
M3U-XCAPI-EPG-IPTV-Stremio	main	2d15db6e9f6c4f70258f8ed88fd9203cb0f5c907	M3U-XCAPI-EPG-IPTV-Stremio.zip	4fd5c6cbf261e25ecd1451f18d108ae03518bdf90806d1109df0ba126d3ae4ac
TMDB-Embed-API	main	aacac098f25db5f6fe0614670987c54ae32fc2eb	TMDB-Embed-API.zip	983c095135b7cc6b04ec61ac59bbaba7a529ea36a8c73ad5c1eee38f55eae09d
Cinema-HQ	main	b4ed6cddb31f33918bef05f436167126ed2b275e	Cinema-HQ.zip	30b3f57efd2619cd7f6dbc40c1cf7457ee5d18997bbf4a3a3e5c9bdaed29d8a5
aa-torque-ex	master	4ebe4cabbddee1ace01cb593bdb1dabde56bd846	aa-torque-ex.zip	ed0db33b26efade0e30e13527629423eab097c607cac7d0b25a5ebc9069748eb
porn-api-js	main	46f3b52c18e35ab66a416f02778015a0ea3bb08b	porn-api-js.zip	d133f089d5a9367de6634e1dbc29463fd5fadad677c0124e63150c0919433a9d
Inside4ndroid	main	6f9472eb5ca89e7b0eb5273998d1946ec93882c2	Inside4ndroid.zip	c3ec4c226f79e4c19667344e2ec2081d16fb6ab15ec43b5e4ea5d8c4b28c14d7
XStat-Hardware-Monitoring	main	f3e66f89b4fe34398290b4e73745333b1aa86056	XStat-Hardware-Monitoring.zip	5550a52bdabb201c53d975292e117a575a293e489b38516f49710654e81d6628
DeskEngine	main	736b1d7d65cc57bba89b049abf8b17295ffff46c	DeskEngine.parts/ (split archive)	f8b189be9fa3b5f83e3d387df8bf3838343676c8191377b14aa69b73e778f654
PyEmbed-Api	master	5741c84279defef8b3a5754f2305d39980683b2f	PyEmbed-Api.zip	eacb199e4d639fe6af4605e3bf5e7ab548c42e705a4cd66ae53f38f8e9524809
Rainity26-Unity-Project	main	b7c12bb496c07f0bd391db12d5683d4140415529	Rainity26-Unity-Project.zip	de3d181267f9c29e2832c9288ab2ae68db50128aa355301968b4691d40f99de4
Electron-ADB-ToolKit	main	95364f7e0802366a1b94b946221e6453c75d293b	Electron-ADB-ToolKit.zip	c7693952c31e4c3e7d9423c23844673536905f2a1ee57c490f260098a0e47b7f
chxbio_v2	main	94010ef9b57337e422c172b01ad5c1d332a8e1e5	chxbio_v2.zip	42977ce8360bf06fbe0473e3beb987aec02eb91c57224ff0b701fbdc2310fbe6
ResolveURL	master	7841296a564bf0d6cb301e8e4b6bed1a1201dc88	ResolveURL.zip	ad0b3d0e3245d64c22d31e19a37f9eeb4633dccf82dc4f2151d309794b602bd8
Rainity26-DesktopApplication-API	main	a92d63c0a542ba37370bb14a026b5cc227e1165d	Rainity26-DesktopApplication-API.zip	a420108d13d5a1ebca4d1438348e8cbfca9828be5c843b68b38f08f0ef0eb630
